office,district,votefor,candidate,party,candidateid,votes,type,winner
US PRESIDENT AND VICE PRESIDENT, ,1,GARY JOHNSON and WILLIAM F. WELD,LIBERTARIAN,3975,10070,Registered,False,
US PRESIDENT AND VICE PRESIDENT, ,1,ROCKY DE LA FUENTE and MICHAEL A. STEINBERG,INDEPENDENT,4047,1067,Registered,False,
US PRESIDENT AND VICE PRESIDENT, ,1,JILL STEIN and AJUMA BARAKA,GREEN ,4037,6755,Registered,False,
US PRESIDENT AND VICE PRESIDENT, ,1,DONALD J. TRUMP and MICHAEL R. PENCE,REPUBLICAN,18335,95363,Registered,False,
US PRESIDENT AND VICE PRESIDENT, ,1,HILLARY CLINTON and TIM KAINE,DEMOCRATIC,18334,178496,Registered,False,
US PRESIDENT AND VICE PRESIDENT, ,1,GLORIA LARIVA and EUGENE PURYEAR,LIBERTY UNION,3693,330,Registered,False,
US PRESIDENT AND VICE PRESIDENT, ,1,Write-in, , ,22097, ,
US PRESIDENT AND VICE PRESIDENT, ,1,Spoiled, , ,697, ,
US PRESIDENT AND VICE PRESIDENT, ,1,Blank, , ,4311, ,
US SENATOR, ,1,CRIS ERICSON,UNITED STATES MARIJUANA,3587,9152,Registered,False,
US SENATOR, ,1,JERRY TRUDELL,INDEPENDENT,4053,5220,Registered,False,
US SENATOR, ,1,SCOTT MILNE,REPUBLICAN,3932,103613,Registered,False,
US SENATOR, ,1,PATRICK LEAHY,DEMOCRATIC,3712,192167,Registered,False,
US SENATOR, ,1,PETE DIAMONDSTONE,LIBERTY UNION,3688,3240,Registered,False,
US SENATOR, ,1,Write-in, , ,299, ,
US SENATOR, ,1,Spoiled, , ,409, ,
US SENATOR, ,1,Blank, , ,5807, ,
REPRESENTATIVE TO CONGRESS, ,1,ERICA CLAWSON,LIBERTY UNION,3687,29406,Registered,False,
REPRESENTATIVE TO CONGRESS, ,1,PETER WELCH,DEM/REP,3806,264299,Registered,False,
REPRESENTATIVE TO CONGRESS, ,1,Write-in, , ,1499, ,
REPRESENTATIVE TO CONGRESS, ,1,Spoiled, , ,445, ,
REPRESENTATIVE TO CONGRESS, ,1,Blank, , ,22902, ,
GOVERNOR, ,1,SUE MINTER,DEMOCRATIC,3823,139188,Registered,False,
GOVERNOR, ,1,PHIL SCOTT,REPUBLICAN,3630,166771,Registered,False,
GOVERNOR, ,1,BILL "SPACEMAN" LEE,LIBERTY UNION,3680,8978,Registered,False,
GOVERNOR, ,1,Write-in, , ,318, ,
GOVERNOR, ,1,Spoiled, , ,150, ,
GOVERNOR, ,1,Blank, , ,4581, ,
LIEUTENANT GOVERNOR, ,1,DAVID ZUCKERMAN,PROG/DEM,3908,159620,Registered,False,
LIEUTENANT GOVERNOR, ,1,RANDY BROCK,REPUBLICAN,3826,139311,Registered,False,
LIEUTENANT GOVERNOR, ,1,BOOTS WARDINSKI,LIBERTY UNION,3681,7030,Registered,False,
LIEUTENANT GOVERNOR, ,1,Write-in, , ,539, ,
LIEUTENANT GOVERNOR, ,1,Spoiled, , ,164, ,
LIEUTENANT GOVERNOR, ,1,Blank, , ,12557, ,
STATE TREASURER, ,1,DON SCHRAMM,PROGRESSIVE,18244,37285,Registered,False,
STATE TREASURER, ,1,BETH PEARCE,DEM/REP,3753,234188,Registered,False,
STATE TREASURER, ,1,MURRAY NGOIMA,LIBERTY UNION,3684,12449,Registered,False,
STATE TREASURER, ,1,Write-in, , ,666, ,
STATE TREASURER, ,1,Spoiled, , ,264, ,
STATE TREASURER, ,1,Blank, , ,32482, ,
SECRETARY OF STATE, ,1,MARY ALICE "MAL" HERBERT,LIBERTY UNION,3682,29703,Registered,False,
SECRETARY OF STATE, ,1,JIM CONDOS,DEM/REP,3576,255110,Registered,False,
SECRETARY OF STATE, ,1,Write-in, , ,607, ,
SECRETARY OF STATE, ,1,Spoiled, , ,223, ,
SECRETARY OF STATE, ,1,Blank, , ,32187, ,
AUDITOR OF ACCOUNTS, ,1,DOUG HOFFER,DEM/PROG,3793,159631,Registered,False,
AUDITOR OF ACCOUNTS, ,1,MARINA BROWN,LIBERTY UNION,3686,15091,Registered,False,
AUDITOR OF ACCOUNTS, ,1,DAN FELICIANO,REPUBLICAN,3925,113205,Registered,False,
AUDITOR OF ACCOUNTS, ,1,Write-in, , ,231, ,
AUDITOR OF ACCOUNTS, ,1,Spoiled, , ,131, ,
AUDITOR OF ACCOUNTS, ,1,Blank, , ,29590, ,
ATTORNEY GENERAL, ,1,ROSEMARIE JACKOWSKI,LIBERTY UNION,3685,11830,Registered,False,
ATTORNEY GENERAL, ,1,DEBORAH "DEB" BUCKNAM,REPUBLICAN,3930,88405,Registered,False,
ATTORNEY GENERAL, ,1,T.J. DONOVAN,DEMOCRATIC,3756,199952,Registered,False,
ATTORNEY GENERAL, ,1,Write-in, , ,209, ,
ATTORNEY GENERAL, ,1,Spoiled, , ,114, ,
ATTORNEY GENERAL, ,1,Blank, , ,18422, ,
STATE SENATOR,ADDISON SENATE,2,PETER BRIGGS,REPUBLICAN,3863,7329,Registered,False,
STATE SENATOR,ADDISON SENATE,2,LYNN DIKE,REPUBLICAN,3866,5962,Registered,False,
STATE SENATOR,ADDISON SENATE,2,CHRISTOPHER BRAY,DEMOCRATIC,3838,9544,Registered,False,
STATE SENATOR,ADDISON SENATE,2,CLAIRE AYER,DEMOCRATIC,3655,11987,Registered,False,
STATE SENATOR,ADDISON SENATE,2,Write-in, , ,25, ,
STATE SENATOR,ADDISON SENATE,2,Spoiled, , ,10, ,
STATE SENATOR,ADDISON SENATE,2,Blank, , ,6425, ,
STATE SENATOR,BENNINGTON SENATE,2,DICK SEARS,DEMOCRATIC,3733,13333,Registered,False,
STATE SENATOR,BENNINGTON SENATE,2,BRIAN CAMPION,DEMOCRATIC,3732,11507,Registered,False,
STATE SENATOR,BENNINGTON SENATE,2,Write-in, , ,238, ,
STATE SENATOR,BENNINGTON SENATE,2,Spoiled, , ,28, ,
STATE SENATOR,BENNINGTON SENATE,2,Blank, , ,12526, ,
STATE SENATOR,CALEDONIA SENATE,2,JANE KITCHEL,DEM/REP,3783,12382,Registered,False,
STATE SENATOR,CALEDONIA SENATE,2,GALEN DIVELY III,MARIJUANA ,4097,2443,Registered,False,
STATE SENATOR,CALEDONIA SENATE,2,JOE BENNING,REP/DEM,269,10908,Registered,False,
STATE SENATOR,CALEDONIA SENATE,2,Write-in, , ,109, ,
STATE SENATOR,CALEDONIA SENATE,2,Spoiled, , ,14, ,
STATE SENATOR,CALEDONIA SENATE,2,Blank, , ,11538, ,
STATE SENATOR,CHITTENDEN SENATE,6,DEBBIE INGRAM,DEMOCRATIC,3704,40454,Registered,False,
STATE SENATOR,CHITTENDEN SENATE,6,PHIL BARUTH,DEM/PROG,3898,37446,Registered,False,
STATE SENATOR,CHITTENDEN SENATE,6,VIRGINIA "GINNY" LYONS,DEMOCRATIC,3707,41211,Registered,False,
STATE SENATOR,CHITTENDEN SENATE,6,TOM LICATA,INDEPENDENT,4031,17017,Registered,False,
STATE SENATOR,CHITTENDEN SENATE,6,CHRISTOPHER A. PEARSON,PROG/DEM,3811,31179,Registered,False,
STATE SENATOR,CHITTENDEN SENATE,6,JOHN C. GIFFORD,REPUBLICAN,3647,25341,Registered,False,
STATE SENATOR,CHITTENDEN SENATE,6,MICHAEL SIROTKIN,DEMOCRATIC,3801,37572,Registered,False,
STATE SENATOR,CHITTENDEN SENATE,6,TIM ASHE,DEM/PROG,3808,44287,Registered,False,
STATE SENATOR,CHITTENDEN SENATE,6,Write-in, , ,732, ,
STATE SENATOR,CHITTENDEN SENATE,6,Spoiled, , ,236, ,
STATE SENATOR,CHITTENDEN SENATE,6,Blank, , ,141620, ,
STATE SENATOR,ESSEX-ORLEANS SENATE,2,ROBERT A. STARR,DEMOCRATIC,3709,9381,Registered,False,
STATE SENATOR,ESSEX-ORLEANS SENATE,2,JOHN S. RODGERS,DEMOCRATIC,3921,8601,Registered,False,
STATE SENATOR,ESSEX-ORLEANS SENATE,2,ERIC O. COLLINS,REPUBLICAN,267,4637,Registered,False,
STATE SENATOR,ESSEX-ORLEANS SENATE,2,MARCIA HORNE,REPUBLICAN,3618,5199,Registered,False,
STATE SENATOR,ESSEX-ORLEANS SENATE,2,Write-in, , ,54, ,
STATE SENATOR,ESSEX-ORLEANS SENATE,2,Spoiled, , ,48, ,
STATE SENATOR,ESSEX-ORLEANS SENATE,2,Blank, , ,7182, ,
STATE SENATOR,FRANKLIN SENATE,2,SARA BRANON KITTELL,DEMOCRATIC,3703,8536,Registered,False,
STATE SENATOR,FRANKLIN SENATE,2,CAROLYN WHITNEY BRANAGAN,REPUBLICAN,556,9424,Registered,False,
STATE SENATOR,FRANKLIN SENATE,2,DUSTIN ALLARD DEGREE,REPUBLICAN,3821,10540,Registered,False,
STATE SENATOR,FRANKLIN SENATE,2,DENISE SMITH,DEMOCRATIC,3673,6210,Registered,False,
STATE SENATOR,FRANKLIN SENATE,2,Write-in, , ,59, ,
STATE SENATOR,FRANKLIN SENATE,2,Spoiled, , ,17, ,
STATE SENATOR,FRANKLIN SENATE,2,Blank, , ,7596, ,
STATE SENATOR,GRAND ISLE SENATE,1,RICHARD "DICK" MAZZA,DEM/REP,3695,9771,Registered,False,
STATE SENATOR,GRAND ISLE SENATE,1,Write-in, , ,82, ,
STATE SENATOR,GRAND ISLE SENATE,1,Spoiled, , ,469, ,
STATE SENATOR,GRAND ISLE SENATE,1,Blank, , ,951, ,
STATE SENATOR,LAMOILLE SENATE,1,GEORGE GAY,DEMOCRATIC,3920,5436,Registered,False,
STATE SENATOR,LAMOILLE SENATE,1,RICHARD A. WESTMAN,REPUBLICAN,3828,6195,Registered,False,
STATE SENATOR,LAMOILLE SENATE,1,Write-in, , ,20, ,
STATE SENATOR,LAMOILLE SENATE,1,Spoiled, , ,4, ,
STATE SENATOR,LAMOILLE SENATE,1,Blank, , ,350, ,
STATE SENATOR,ORANGE SENATE,1,MARK A. MACDONALD,DEMOCRATIC,3907,5723,Registered,False,
STATE SENATOR,ORANGE SENATE,1,STEPHEN W. WEBSTER,REPUBLICAN,3906,4409,Registered,False,
STATE SENATOR,ORANGE SENATE,1,Write-in, , ,19, ,
STATE SENATOR,ORANGE SENATE,1,Spoiled, , ,7, ,
STATE SENATOR,ORANGE SENATE,1,Blank, , ,441, ,
STATE SENATOR,RUTLAND SENATE,3,KEVIN J. MULLIN,REPUBLICAN,3698,14191,Registered,False,
STATE SENATOR,RUTLAND SENATE,3,RICHARD LENCHUS,INDEPENDENT,3972,2067,Registered,False,
STATE SENATOR,RUTLAND SENATE,3,PEG FLORY,REPUBLICAN,3854,14782,Registered,False,
STATE SENATOR,RUTLAND SENATE,3,KORRINE C. RODRIGUE,DEMOCRATIC,3699,9212,Registered,False,
STATE SENATOR,RUTLAND SENATE,3,CHERYL HOOKER,DEMOCRATIC,18245,10641,Registered,False,
STATE SENATOR,RUTLAND SENATE,3,BRIAN "BC" COLLAMORE,REPUBLICAN,3852,13680,Registered,False,
STATE SENATOR,RUTLAND SENATE,3,SCOTT GARREN,DEMOCRATIC,18246,6428,Registered,False,
STATE SENATOR,RUTLAND SENATE,3,Write-in, , ,371, ,
STATE SENATOR,RUTLAND SENATE,3,Spoiled, , ,36, ,
STATE SENATOR,RUTLAND SENATE,3,Blank, , ,16406, ,
STATE SENATOR,WASHINGTON SENATE,3,JOHN "JOSH" FITZHUGH,REPUBLICAN,11712,8233,Registered,False,
STATE SENATOR,WASHINGTON SENATE,3,WILLIAM "BILL" DOYLE,REPUBLICAN,3730,13498,Registered,False,
STATE SENATOR,WASHINGTON SENATE,3,ANTHONY POLLINA,PROG/DEM,3760,15209,Registered,False,
STATE SENATOR,WASHINGTON SENATE,3,MICHAEL "MIKE" DOYLE,REPUBLICAN,18247,8236,Registered,False,
STATE SENATOR,WASHINGTON SENATE,3,FRANCIS K. BROOKS,DEMOCRATIC,3728,13687,Registered,False,
STATE SENATOR,WASHINGTON SENATE,3,ANN CUMMINGS,DEMOCRATIC,3677,17010,Registered,False,
STATE SENATOR,WASHINGTON SENATE,3,Write-in, , ,106, ,
STATE SENATOR,WASHINGTON SENATE,3,Spoiled, , ,35, ,
STATE SENATOR,WASHINGTON SENATE,3,Blank, , ,16798, ,
STATE SENATOR,WINDHAM SENATE,2,JERRY LEVY,LIBERTY UNION,3689,1529,Registered,False,
STATE SENATOR,WINDHAM SENATE,2,BECCA BALINT,DEMOCRATIC,3740,11174,Registered,False,
STATE SENATOR,WINDHAM SENATE,2,AARON DIAMONDSTONE,LIBERTY UNION,3690,1437,Registered,False,
STATE SENATOR,WINDHAM SENATE,2,DAVID SCHOALES,INDEPENDENT,4041,5610,Registered,False,
STATE SENATOR,WINDHAM SENATE,2,JEANETTE WHITE,DEMOCRATIC,3741,11451,Registered,False,
STATE SENATOR,WINDHAM SENATE,2,Write-in, , ,78, ,
STATE SENATOR,WINDHAM SENATE,2,Spoiled, , ,498, ,
STATE SENATOR,WINDHAM SENATE,2,Blank, , ,10091, ,
STATE SENATOR,WINDSOR SENATE,3,ALICE NITKA,DEMOCRATIC,3700,14430,Registered,False,
STATE SENATOR,WINDSOR SENATE,3,MARK DONKA,REPUBLICAN,3850,9836,Registered,False,
STATE SENATOR,WINDSOR SENATE,3,SCOTT D. WOODWARD,INDEPENDENT,4055,5198,Registered,False,
STATE SENATOR,WINDSOR SENATE,3,JACK WILLIAMS,REPUBLICAN,3844,7460,Registered,False,
STATE SENATOR,WINDSOR SENATE,3,RANDY A. GRAY,REPUBLICAN,3657,8148,Registered,False,
STATE SENATOR,WINDSOR SENATE,3,RICHARD "DICK" MCCORMACK,DEM/PROG,3775,13905,Registered,False,
STATE SENATOR,WINDSOR SENATE,3,ALISON CLARKSON,DEMOCRATIC,3757,15436,Registered,False,
STATE SENATOR,WINDSOR SENATE,3,Write-in, , ,87, ,
STATE SENATOR,WINDSOR SENATE,3,Spoiled, , ,52, ,
STATE SENATOR,WINDSOR SENATE,3,Blank, , ,21712, ,
STATE REPRESENTATIVE,ADDISON 1 REP,2,ROBIN SCHEU,DEMOCRATIC,3578,1937,Registered,False,
STATE REPRESENTATIVE,ADDISON 1 REP,2,JILL CHARBONNEAU,PROGRESSIVE,3868,1377,Registered,False,
STATE REPRESENTATIVE,ADDISON 1 REP,2,AMY SHELDON,DEM/PROG,3683,2210,Registered,False,
STATE REPRESENTATIVE,ADDISON 1 REP,2,Write-in, , ,48, ,
STATE REPRESENTATIVE,ADDISON 1 REP,2,Spoiled, , ,2, ,
STATE REPRESENTATIVE,ADDISON 1 REP,2,Blank, , ,1868, ,
STATE REPRESENTATIVE,ADDISON 2 REP,1,PETER CONLON,DEMOCRATIC,3895,2013,Registered,False,
STATE REPRESENTATIVE,ADDISON 2 REP,1,Write-in, , ,28, ,
STATE REPRESENTATIVE,ADDISON 2 REP,1,Spoiled, , ,6, ,
STATE REPRESENTATIVE,ADDISON 2 REP,1,Blank, , ,390, ,
STATE REPRESENTATIVE,ADDISON 3 REP,2,FRANK "FRITZ" LANGROCK,DEMOCRATIC,3855,1830,Registered,False,
STATE REPRESENTATIVE,ADDISON 3 REP,2,DIANE LANPHER,DEMOCRATIC,3575,2104,Registered,False,
STATE REPRESENTATIVE,ADDISON 3 REP,2,MONIQUE THURSTON,REPUBLICAN,3911,1663,Registered,False,
STATE REPRESENTATIVE,ADDISON 3 REP,2,WARREN VAN WYCK,REPUBLICAN,3738,1984,Registered,False,
STATE REPRESENTATIVE,ADDISON 3 REP,2,Write-in, , ,2, ,
STATE REPRESENTATIVE,ADDISON 3 REP,2,Spoiled, , ,1, ,
STATE REPRESENTATIVE,ADDISON 3 REP,2,Blank, , ,1026, ,
STATE REPRESENTATIVE,ADDISON 4 REP,2,MARI CORDES,PROG/DEM,3941,1758,Registered,False,
STATE REPRESENTATIVE,ADDISON 4 REP,2,DAVE SHARPE,DEMOCRATIC,3767,2386,Registered,False,
STATE REPRESENTATIVE,ADDISON 4 REP,2,VALERIE MULLIN,REPUBLICAN,3831,1777,Registered,False,
STATE REPRESENTATIVE,ADDISON 4 REP,2,FRED K. BASER,REPUBLICAN,3770,2530,Registered,False,
STATE REPRESENTATIVE,ADDISON 4 REP,2,Write-in, , ,7, ,
STATE REPRESENTATIVE,ADDISON 4 REP,2,Spoiled, , ,0, ,
STATE REPRESENTATIVE,ADDISON 4 REP,2,Blank, , ,1394, ,
STATE REPRESENTATIVE,ADDISON 5 REP,1,TABORRI BRUHL,DEMOCRATIC,18275,1062,Registered,False,
STATE REPRESENTATIVE,ADDISON 5 REP,1,HARVEY T. SMITH,REPUBLICAN,3905,1196,Registered,False,
STATE REPRESENTATIVE,ADDISON 5 REP,1,Write-in, , ,1, ,
STATE REPRESENTATIVE,ADDISON 5 REP,1,Spoiled, , ,1, ,
STATE REPRESENTATIVE,ADDISON 5 REP,1,Blank, , ,69, ,
STATE REPRESENTATIVE,ADDISON-RUTLAND REP,1,ALYSON EASTMAN,INDEPENDENT,3928,1722,Registered,False,
STATE REPRESENTATIVE,ADDISON-RUTLAND REP,1,Write-in, , ,34, ,
STATE REPRESENTATIVE,ADDISON-RUTLAND REP,1,Spoiled, , ,8, ,
STATE REPRESENTATIVE,ADDISON-RUTLAND REP,1,Blank, , ,270, ,
STATE REPRESENTATIVE,BENNINGTON 1 REP,1,JAMES A. O'CONNOR,INDEPENDENT,18408,276,Registered,False,
STATE REPRESENTATIVE,BENNINGTON 1 REP,1,BILL BOTZOW,DEMOCRATIC,3621,1503,Registered,False,
STATE REPRESENTATIVE,BENNINGTON 1 REP,1,Write-in, , ,0, ,
STATE REPRESENTATIVE,BENNINGTON 1 REP,1,Spoiled, , ,0, ,
STATE REPRESENTATIVE,BENNINGTON 1 REP,1,Blank, , ,57, ,
STATE REPRESENTATIVE,BENNINGTON 2-1 REP,2,TIMOTHY R. CORCORAN II,DEMOCRATIC,3579,2316,Registered,False,
STATE REPRESENTATIVE,BENNINGTON 2-1 REP,2,RACHAEL FIELDS,DEMOCRATIC,3779,1870,Registered,False,
STATE REPRESENTATIVE,BENNINGTON 2-1 REP,2,Write-in, , ,61, ,
STATE REPRESENTATIVE,BENNINGTON 2-1 REP,2,Spoiled, , ,0, ,
STATE REPRESENTATIVE,BENNINGTON 2-1 REP,2,Blank, , ,1997, ,
STATE REPRESENTATIVE,BENNINGTON 2-2 REP,2,KIAH MORRIS,DEMOCRATIC,3790,1757,Registered,False,
STATE REPRESENTATIVE,BENNINGTON 2-2 REP,2,MARY A. MORRISSEY,REPUBLICAN,3885,2143,Registered,False,
STATE REPRESENTATIVE,BENNINGTON 2-2 REP,2,Write-in, , ,24, ,
STATE REPRESENTATIVE,BENNINGTON 2-2 REP,2,Spoiled, , ,0, ,
STATE REPRESENTATIVE,BENNINGTON 2-2 REP,2,Blank, , ,2174, ,
STATE REPRESENTATIVE,BENNINGTON 3 REP,1,ALICE MILLER,DEMOCRATIC,3586,1517,Registered,False,
STATE REPRESENTATIVE,BENNINGTON 3 REP,1,Write-in, , ,44, ,
STATE REPRESENTATIVE,BENNINGTON 3 REP,1,Spoiled, , ,0, ,
STATE REPRESENTATIVE,BENNINGTON 3 REP,1,Blank, , ,411, ,
STATE REPRESENTATIVE,BENNINGTON 4 REP,2,CYNTHIA BROWNING,DEMOCRATIC,3804,2095,Registered,False,
STATE REPRESENTATIVE,BENNINGTON 4 REP,2,BRIAN KEEFE,REPUBLICAN,3902,2297,Registered,False,
STATE REPRESENTATIVE,BENNINGTON 4 REP,2,STEVE BERRY,DEMOCRATIC,3643,1998,Registered,False,
STATE REPRESENTATIVE,BENNINGTON 4 REP,2,Write-in, , ,17, ,
STATE REPRESENTATIVE,BENNINGTON 4 REP,2,Spoiled, , ,4, ,
STATE REPRESENTATIVE,BENNINGTON 4 REP,2,Blank, , ,2319, ,
STATE REPRESENTATIVE,BENNINGTON-RUTLAND REP,1,LINDA JOY SULLIVAN,DEMOCRATIC,3577,1205,Registered,False,
STATE REPRESENTATIVE,BENNINGTON-RUTLAND REP,1,JOHN P. "JACK" STANNARD,REPUBLICAN,3918,965,Registered,False,
STATE REPRESENTATIVE,BENNINGTON-RUTLAND REP,1,Write-in, , ,5, ,
STATE REPRESENTATIVE,BENNINGTON-RUTLAND REP,1,Spoiled, , ,0, ,
STATE REPRESENTATIVE,BENNINGTON-RUTLAND REP,1,Blank, , ,131, ,
STATE REPRESENTATIVE,CALEDONIA-1 REP,1,MARCIA ROBINSON MARTEL,REPUBLICAN,3635,1799,Registered,False,
STATE REPRESENTATIVE,CALEDONIA-1 REP,1,Write-in, , ,70, ,
STATE REPRESENTATIVE,CALEDONIA-1 REP,1,Spoiled, , ,5, ,
STATE REPRESENTATIVE,CALEDONIA-1 REP,1,Blank, , ,413, ,
STATE REPRESENTATIVE,CALEDONIA-2 REP,1,CHIP TROIANO,DEMOCRATIC,3960,1065,Registered,False,
STATE REPRESENTATIVE,CALEDONIA-2 REP,1,LAWRENCE W. HAMEL,REPUBLICAN,3961,907,Registered,False,
STATE REPRESENTATIVE,CALEDONIA-2 REP,1,Write-in, , ,0, ,
STATE REPRESENTATIVE,CALEDONIA-2 REP,1,Spoiled, , ,1, ,
STATE REPRESENTATIVE,CALEDONIA-2 REP,1,Blank, , ,67, ,
STATE REPRESENTATIVE,CALEDONIA-3 REP,2,JANSSEN WILLHOIT,REPUBLICAN,3632,1234,Registered,False,
STATE REPRESENTATIVE,CALEDONIA-3 REP,2,COREY RAYNOR,DEMOCRATIC,3853,461,Registered,False,
STATE REPRESENTATIVE,CALEDONIA-3 REP,2,SCOTT BECK,REPUBLICAN,3631,1655,Registered,False,
STATE REPRESENTATIVE,CALEDONIA-3 REP,2,PHILIP ALDRIDGE,INDEPENDENT,4054,722,Registered,False,
STATE REPRESENTATIVE,CALEDONIA-3 REP,2,SCOTT CAMPBELL,DEMOCRATIC,3794,1155,Registered,False,
STATE REPRESENTATIVE,CALEDONIA-3 REP,2,Write-in, , ,8, ,
STATE REPRESENTATIVE,CALEDONIA-3 REP,2,Spoiled, , ,4, ,
STATE REPRESENTATIVE,CALEDONIA-3 REP,2,Blank, , ,865, ,
STATE REPRESENTATIVE,CALEDONIA-4 REP,2,MARTHA "MARTY" FELTUS,REPUBLICAN,3860,1893,Registered,False,
STATE REPRESENTATIVE,CALEDONIA-4 REP,2,RICHARD LAWRENCE,REPUBLICAN,3830,1886,Registered,False,
STATE REPRESENTATIVE,CALEDONIA-4 REP,2,PATRICK SEYMOUR,DEMOCRATIC,3571,1490,Registered,False,
STATE REPRESENTATIVE,CALEDONIA-4 REP,2,Write-in, , ,23, ,
STATE REPRESENTATIVE,CALEDONIA-4 REP,2,Spoiled, , ,1, ,
STATE REPRESENTATIVE,CALEDONIA-4 REP,2,Blank, , ,1473, ,
STATE REPRESENTATIVE,CALEDONIA-WASHINGTON REP,1,KITTY BEATTIE TOLL,DEMOCRATIC,3940,1551,Registered,False,
STATE REPRESENTATIVE,CALEDONIA-WASHINGTON REP,1,CRAIG R. VANCE,REPUBLICAN,3939,1019,Registered,False,
STATE REPRESENTATIVE,CALEDONIA-WASHINGTON REP,1,Write-in, , ,7, ,
STATE REPRESENTATIVE,CALEDONIA-WASHINGTON REP,1,Spoiled, , ,5, ,
STATE REPRESENTATIVE,CALEDONIA-WASHINGTON REP,1,Blank, , ,47, ,
STATE REPRESENTATIVE,CHITTENDEN 10 REP,2,RON HUBERT,REPUBLICAN,3636,2762,Registered,False,
STATE REPRESENTATIVE,CHITTENDEN 10 REP,2,DONALD H. TURNER JR,REPUBLICAN,3726,3384,Registered,False,
STATE REPRESENTATIVE,CHITTENDEN 10 REP,2,Write-in, , ,83, ,
STATE REPRESENTATIVE,CHITTENDEN 10 REP,2,Spoiled, , ,0, ,
STATE REPRESENTATIVE,CHITTENDEN 10 REP,2,Blank, , ,2633, ,
STATE REPRESENTATIVE,CHITTENDEN 4-1 REP,1,MIKE YANTACHKA,DEMOCRATIC,3633,2096,Registered,False,
STATE REPRESENTATIVE,CHITTENDEN 4-1 REP,1,Write-in, , ,19, ,
STATE REPRESENTATIVE,CHITTENDEN 4-1 REP,1,Spoiled, , ,13, ,
STATE REPRESENTATIVE,CHITTENDEN 4-1 REP,1,Blank, , ,514, ,
STATE REPRESENTATIVE,CHITTENDEN 4-2 REP,1,BILL LIPPERT,DEMOCRATIC,3802,2085,Registered,False,
STATE REPRESENTATIVE,CHITTENDEN 4-2 REP,1,Write-in, , ,62, ,
STATE REPRESENTATIVE,CHITTENDEN 4-2 REP,1,Spoiled, , ,0, ,
STATE REPRESENTATIVE,CHITTENDEN 4-2 REP,1,Blank, , ,540, ,
STATE REPRESENTATIVE,CHITTENDEN 5-1 REP,1,KATE WEBB,DEMOCRATIC,3637,2179,Registered,False,
STATE REPRESENTATIVE,CHITTENDEN 5-1 REP,1,Write-in, , ,0, ,
STATE REPRESENTATIVE,CHITTENDEN 5-1 REP,1,Spoiled, , ,0, ,
STATE REPRESENTATIVE,CHITTENDEN 5-1 REP,1,Blank, , ,0, ,
STATE REPRESENTATIVE,CHITTENDEN 5-2 REP,1,JESSICA COMAI BRUMSTED,DEMOCRATIC,3909,1417,Registered,False,
STATE REPRESENTATIVE,CHITTENDEN 5-2 REP,1,BRUCE ELMORE,INDEPENDENT,4040,835,Registered,False,
STATE REPRESENTATIVE,CHITTENDEN 5-2 REP,1,Write-in, , ,0, ,
STATE REPRESENTATIVE,CHITTENDEN 5-2 REP,1,Spoiled, , ,0, ,
STATE REPRESENTATIVE,CHITTENDEN 5-2 REP,1,Blank, , ,53, ,
STATE REPRESENTATIVE,CHITTENDEN 6-1 REP,2,CAROL ODE,DEMOCRATIC,3777,2559,Registered,False,
STATE REPRESENTATIVE,CHITTENDEN 6-1 REP,2,JOANNA COLE,DEMOCRATIC,3903,2068,Registered,False,
STATE REPRESENTATIVE,CHITTENDEN 6-1 REP,2,MIKE MCGARGHAN,REPUBLICAN,3910,729,Registered,False,
STATE REPRESENTATIVE,CHITTENDEN 6-1 REP,2,KURT WRIGHT,REPUBLICAN,3857,2135,Registered,False,
STATE REPRESENTATIVE,CHITTENDEN 6-1 REP,2,Write-in, , ,17, ,
STATE REPRESENTATIVE,CHITTENDEN 6-1 REP,2,Spoiled, , ,0, ,
STATE REPRESENTATIVE,CHITTENDEN 6-1 REP,2,Blank, , ,1494, ,
STATE REPRESENTATIVE,CHITTENDEN 6-2 REP,1,JEAN O'SULLIVAN,DEMOCRATIC,3867,1858,Registered,False,
STATE REPRESENTATIVE,CHITTENDEN 6-2 REP,1,Write-in, , ,34, ,
STATE REPRESENTATIVE,CHITTENDEN 6-2 REP,1,Spoiled, , ,4, ,
STATE REPRESENTATIVE,CHITTENDEN 6-2 REP,1,Blank, , ,420, ,
STATE REPRESENTATIVE,CHITTENDEN 6-3 REP,2,JILL KROWINSKI,DEMOCRATIC,3754,2603,Registered,False,
STATE REPRESENTATIVE,CHITTENDEN 6-3 REP,2,CURT MCCORMACK,DEMOCRATIC,3758,2139,Registered,False,
STATE REPRESENTATIVE,CHITTENDEN 6-3 REP,2,Write-in, , ,55, ,
STATE REPRESENTATIVE,CHITTENDEN 6-3 REP,2,Spoiled, , ,0, ,
STATE REPRESENTATIVE,CHITTENDEN 6-3 REP,2,Blank, , ,2527, ,
STATE REPRESENTATIVE,CHITTENDEN 6-4 REP,2,BRIAN CINA,PROG/DEM,3851,1506,Registered,False,
STATE REPRESENTATIVE,CHITTENDEN 6-4 REP,2,SELENE COLBURN,PROG/DEM,3780,1691,Registered,False,
STATE REPRESENTATIVE,CHITTENDEN 6-4 REP,2,Write-in, , ,32, ,
STATE REPRESENTATIVE,CHITTENDEN 6-4 REP,2,Spoiled, , ,0, ,
STATE REPRESENTATIVE,CHITTENDEN 6-4 REP,2,Blank, , ,1633, ,
STATE REPRESENTATIVE,CHITTENDEN 6-5 REP,2,JOHANNAH LEDDY DONOVAN,DEMOCRATIC,3708,3313,Registered,False,
STATE REPRESENTATIVE,CHITTENDEN 6-5 REP,2,MARY M. SULLIVAN,DEMOCRATIC,3701,3451,Registered,False,
STATE REPRESENTATIVE,CHITTENDEN 6-5 REP,2,Write-in, , ,50, ,
STATE REPRESENTATIVE,CHITTENDEN 6-5 REP,2,Spoiled, , ,0, ,
STATE REPRESENTATIVE,CHITTENDEN 6-5 REP,2,Blank, , ,3126, ,
STATE REPRESENTATIVE,CHITTENDEN 6-6 REP,1,BARBARA RACHELSON,DEMOCRATIC,3765,873,Registered,False,
STATE REPRESENTATIVE,CHITTENDEN 6-6 REP,1,Write-in, , ,11, ,
STATE REPRESENTATIVE,CHITTENDEN 6-6 REP,1,Spoiled, , ,0, ,
STATE REPRESENTATIVE,CHITTENDEN 6-6 REP,1,Blank, , ,241, ,
STATE REPRESENTATIVE,CHITTENDEN 6-7 REP,2,DIANA GONZALEZ,PROG/DEM,3845,1564,Registered,False,
STATE REPRESENTATIVE,CHITTENDEN 6-7 REP,2,ROBERT MILLAR,PROGRESSIVE,3937,1088,Registered,False,
STATE REPRESENTATIVE,CHITTENDEN 6-7 REP,2,CLEMENT "CLEM" BISSONNETTE,DEMOCRATIC,3776,1724,Registered,False,
STATE REPRESENTATIVE,CHITTENDEN 6-7 REP,2,Write-in, , ,19, ,
STATE REPRESENTATIVE,CHITTENDEN 6-7 REP,2,Spoiled, , ,12, ,
STATE REPRESENTATIVE,CHITTENDEN 6-7 REP,2,Blank, , ,2069, ,
STATE REPRESENTATIVE,CHITTENDEN 7-1 REP,1,MARTIN LALONDE,DEMOCRATIC,328,2126,Registered,False,
STATE REPRESENTATIVE,CHITTENDEN 7-1 REP,1,Write-in, , ,0, ,
STATE REPRESENTATIVE,CHITTENDEN 7-1 REP,1,Spoiled, , ,0, ,
STATE REPRESENTATIVE,CHITTENDEN 7-1 REP,1,Blank, , ,0, ,
STATE REPRESENTATIVE,CHITTENDEN 7-2 REP,1,SAM HANDY,REPUBLICAN,3926,1197,Registered,False,
STATE REPRESENTATIVE,CHITTENDEN 7-2 REP,1,ANN PUGH,DEMOCRATIC,3668,1669,Registered,False,
STATE REPRESENTATIVE,CHITTENDEN 7-2 REP,1,Write-in, , ,0, ,
STATE REPRESENTATIVE,CHITTENDEN 7-2 REP,1,Spoiled, , ,0, ,
STATE REPRESENTATIVE,CHITTENDEN 7-2 REP,1,Blank, , ,0, ,
STATE REPRESENTATIVE,CHITTENDEN 7-3 REP,1,HELEN HEAD,DEMOCRATIC,3650,2063,Registered,False,
STATE REPRESENTATIVE,CHITTENDEN 7-3 REP,1,Write-in, , ,0, ,
STATE REPRESENTATIVE,CHITTENDEN 7-3 REP,1,Spoiled, , ,0, ,
STATE REPRESENTATIVE,CHITTENDEN 7-3 REP,1,Blank, , ,0, ,
STATE REPRESENTATIVE,CHITTENDEN 7-4 REP,1,MAIDA F. TOWNSEND,DEMOCRATIC,3602,1932,Registered,False,
STATE REPRESENTATIVE,CHITTENDEN 7-4 REP,1,Write-in, , ,0, ,
STATE REPRESENTATIVE,CHITTENDEN 7-4 REP,1,Spoiled, , ,0, ,
STATE REPRESENTATIVE,CHITTENDEN 7-4 REP,1,Blank, , ,0, ,
STATE REPRESENTATIVE,CHITTENDEN 8-1 REP,2,BETSY DUNN,DEMOCRATIC,3714,2748,Registered,False,
STATE REPRESENTATIVE,CHITTENDEN 8-1 REP,2,V. CHASE,LIBERTARIAN,586,845,Registered,False,
STATE REPRESENTATIVE,CHITTENDEN 8-1 REP,2,LINDA K. MYERS,REPUBLICAN,3817,2680,Registered,False,
STATE REPRESENTATIVE,CHITTENDEN 8-1 REP,2,Write-in, , ,31, ,
STATE REPRESENTATIVE,CHITTENDEN 8-1 REP,2,Spoiled, , ,2, ,
STATE REPRESENTATIVE,CHITTENDEN 8-1 REP,2,Blank, , ,3308, ,
STATE REPRESENTATIVE,CHITTENDEN 8-2 REP,2,DYLAN GIAMBATISTA,DEMOCRATIC,3819,2396,Registered,False,
STATE REPRESENTATIVE,CHITTENDEN 8-2 REP,2,PAUL DAME,REPUBLICAN,3877,2102,Registered,False,
STATE REPRESENTATIVE,CHITTENDEN 8-2 REP,2,R. MICHAEL PLAGEMAN,REPUBLICAN,446,1769,Registered,False,
STATE REPRESENTATIVE,CHITTENDEN 8-2 REP,2,LORI HOUGHTON,DEMOCRATIC,3763,2603,Registered,False,
STATE REPRESENTATIVE,CHITTENDEN 8-2 REP,2,Write-in, , ,4, ,
STATE REPRESENTATIVE,CHITTENDEN 8-2 REP,2,Spoiled, , ,0, ,
STATE REPRESENTATIVE,CHITTENDEN 8-2 REP,2,Blank, , ,1372, ,
STATE REPRESENTATIVE,CHITTENDEN 8-3 REP,1,JOHN C. CHURCHMAN,DEMOCRATIC,3803,1241,Registered,False,
STATE REPRESENTATIVE,CHITTENDEN 8-3 REP,1,ROBERT L. BANCROFT,REPUBLICAN,3764,1301,Registered,False,
STATE REPRESENTATIVE,CHITTENDEN 8-3 REP,1,Write-in, , ,4, ,
STATE REPRESENTATIVE,CHITTENDEN 8-3 REP,1,Spoiled, , ,1, ,
STATE REPRESENTATIVE,CHITTENDEN 8-3 REP,1,Blank, , ,161, ,
STATE REPRESENTATIVE,CHITTENDEN 9-1 REP,2,JIM CONDON,DEMOCRATIC,3751,1828,Registered,False,
STATE REPRESENTATIVE,CHITTENDEN 9-1 REP,2,CURT TAYLOR,DEMOCRATIC,3789,1443,Registered,False,
STATE REPRESENTATIVE,CHITTENDEN 9-1 REP,2,PATRICK LIEBRECHT,REPUBLICAN,3810,658,Registered,False,
STATE REPRESENTATIVE,CHITTENDEN 9-1 REP,2,JOEY PURVIS,REPUBLICAN,3788,1418,Registered,False,
STATE REPRESENTATIVE,CHITTENDEN 9-1 REP,2,Write-in, , ,10, ,
STATE REPRESENTATIVE,CHITTENDEN 9-1 REP,2,Spoiled, , ,2, ,
STATE REPRESENTATIVE,CHITTENDEN 9-1 REP,2,Blank, , ,1419, ,
STATE REPRESENTATIVE,CHITTENDEN 9-2 REP,2,MAUREEN P. DAKIN,DEMOCRATIC,3778,2532,Registered,False,
STATE REPRESENTATIVE,CHITTENDEN 9-2 REP,2,PAT BRENNAN,REPUBLICAN,3752,2784,Registered,False,
STATE REPRESENTATIVE,CHITTENDEN 9-2 REP,2,Write-in, , ,25, ,
STATE REPRESENTATIVE,CHITTENDEN 9-2 REP,2,Spoiled, , ,90, ,
STATE REPRESENTATIVE,CHITTENDEN 9-2 REP,2,Blank, , ,3751, ,
STATE REPRESENTATIVE,CHITTENDEN-1 REP,1,ALEX M. HOLCOMB,INDEPENDENT,18228,446,Registered,False,
STATE REPRESENTATIVE,CHITTENDEN-1 REP,1,MARCIA LAWRENCE GARDNER,DEMOCRATIC,3873,1324,Registered,False,
STATE REPRESENTATIVE,CHITTENDEN-1 REP,1,STEVE MAY,PROGRESSIVE,326,470,Registered,False,
STATE REPRESENTATIVE,CHITTENDEN-1 REP,1,Write-in, , ,10, ,
STATE REPRESENTATIVE,CHITTENDEN-1 REP,1,Spoiled, , ,2, ,
STATE REPRESENTATIVE,CHITTENDEN-1 REP,1,Blank, , ,312, ,
STATE REPRESENTATIVE,CHITTENDEN-2 REP,2,DOUG AITKEN,REPUBLICAN,18279,1829,Registered,False,
STATE REPRESENTATIVE,CHITTENDEN-2 REP,2,JIM MCCULLOUGH,DEMOCRATIC,3639,2903,Registered,False,
STATE REPRESENTATIVE,CHITTENDEN-2 REP,2,TERRY MACAIG,DEMOCRATIC,3638,2476,Registered,False,
STATE REPRESENTATIVE,CHITTENDEN-2 REP,2,JOY LIMOGE,REPUBLICAN,3875,2171,Registered,False,
STATE REPRESENTATIVE,CHITTENDEN-2 REP,2,DAVID MORRIS,INDEPENDENT,4048,457,Registered,False,
STATE REPRESENTATIVE,CHITTENDEN-2 REP,2,Write-in, , ,7, ,
STATE REPRESENTATIVE,CHITTENDEN-2 REP,2,Spoiled, , ,17, ,
STATE REPRESENTATIVE,CHITTENDEN-2 REP,2,Blank, , ,1558, ,
STATE REPRESENTATIVE,CHITTENDEN-3 REP,2,BILL LAWRENCE,REPUBLICAN,3880,1876,Registered,False,
STATE REPRESENTATIVE,CHITTENDEN-3 REP,2,TREVOR SQUIRRELL,DEMOCRATIC,3827,2781,Registered,False,
STATE REPRESENTATIVE,CHITTENDEN-3 REP,2,GEORGE W. TILL,DEMOCRATIC,3597,2740,Registered,False,
STATE REPRESENTATIVE,CHITTENDEN-3 REP,2,DEBBIE RACKLIFF,REPUBLICAN,3744,2001,Registered,False,
STATE REPRESENTATIVE,CHITTENDEN-3 REP,2,Write-in, , ,9, ,
STATE REPRESENTATIVE,CHITTENDEN-3 REP,2,Spoiled, , ,0, ,
STATE REPRESENTATIVE,CHITTENDEN-3 REP,2,Blank, , ,1263, ,
STATE REPRESENTATIVE,ESSEX-CALEDONIA REP,1,ED CLARK,DEMOCRATIC,3748,759,Registered,False,
STATE REPRESENTATIVE,ESSEX-CALEDONIA REP,1,CONNIE QUIMBY,REPUBLICAN,3646,1020,Registered,False,
STATE REPRESENTATIVE,ESSEX-CALEDONIA REP,1,Write-in, , ,3, ,
STATE REPRESENTATIVE,ESSEX-CALEDONIA REP,1,Spoiled, , ,1, ,
STATE REPRESENTATIVE,ESSEX-CALEDONIA REP,1,Blank, , ,57, ,
STATE REPRESENTATIVE,ESSEX-CALEDONIA-ORLEANS REP,1,PAUL LEFEBVRE,REPUBLICAN,3871,1590,Registered,False,
STATE REPRESENTATIVE,ESSEX-CALEDONIA-ORLEANS REP,1,Write-in, , ,32, ,
STATE REPRESENTATIVE,ESSEX-CALEDONIA-ORLEANS REP,1,Spoiled, , ,6, ,
STATE REPRESENTATIVE,ESSEX-CALEDONIA-ORLEANS REP,1,Blank, , ,303, ,
STATE REPRESENTATIVE,FRANKLIN 1 REP,1,CARL ROSENQUIST,REPUBLICAN,3745,1518,Registered,False,
STATE REPRESENTATIVE,FRANKLIN 1 REP,1,CAROLINE BRIGHT,DEMOCRATIC,3835,859,Registered,False,
STATE REPRESENTATIVE,FRANKLIN 1 REP,1,Write-in, , ,0, ,
STATE REPRESENTATIVE,FRANKLIN 1 REP,1,Spoiled, , ,2, ,
STATE REPRESENTATIVE,FRANKLIN 1 REP,1,Blank, , ,70, ,
STATE REPRESENTATIVE,FRANKLIN 2 REP,1,MARY BEERWORTH,REPUBLICAN,3884,1136,Registered,False,
STATE REPRESENTATIVE,FRANKLIN 2 REP,1,BARBARA SMITH MURPHY,INDEPENDENT,3596,1194,Registered,False,
STATE REPRESENTATIVE,FRANKLIN 2 REP,1,Write-in, , ,3, ,
STATE REPRESENTATIVE,FRANKLIN 2 REP,1,Spoiled, , ,2, ,
STATE REPRESENTATIVE,FRANKLIN 2 REP,1,Blank, , ,96, ,
STATE REPRESENTATIVE,FRANKLIN 3-1 REP,2,MIKE MCCARTHY,DEMOCRATIC,3727,1414,Registered,False,
STATE REPRESENTATIVE,FRANKLIN 3-1 REP,2,KATHLEEN C. KEENAN,DEMOCRATIC,3913,1484,Registered,False,
STATE REPRESENTATIVE,FRANKLIN 3-1 REP,2,CLAUDE BOUCHARD,REPUBLICAN,3832,1123,Registered,False,
STATE REPRESENTATIVE,FRANKLIN 3-1 REP,2,COREY PARENT,REPUBLICAN,3914,2003,Registered,False,
STATE REPRESENTATIVE,FRANKLIN 3-1 REP,2,Write-in, , ,10, ,
STATE REPRESENTATIVE,FRANKLIN 3-1 REP,2,Spoiled, , ,0, ,
STATE REPRESENTATIVE,FRANKLIN 3-1 REP,2,Blank, , ,1136, ,
STATE REPRESENTATIVE,FRANKLIN 3-2 REP,1,EILEEN "LYNN" DICKINSON,REPUBLICAN,3750,1261,Registered,False,
STATE REPRESENTATIVE,FRANKLIN 3-2 REP,1,DAVID MCWILLIAMS,DEMOCRATIC,3739,772,Registered,False,
STATE REPRESENTATIVE,FRANKLIN 3-2 REP,1,Write-in, , ,10, ,
STATE REPRESENTATIVE,FRANKLIN 3-2 REP,1,Spoiled, , ,4, ,
STATE REPRESENTATIVE,FRANKLIN 3-2 REP,1,Blank, , ,82, ,
STATE REPRESENTATIVE,FRANKLIN 4 REP,2,MARIANNA GAMACHE,REPUBLICAN,3833,1573,Registered,False,
STATE REPRESENTATIVE,FRANKLIN 4 REP,2,BRIAN K. SAVAGE,REPUBLICAN,664,1976,Registered,False,
STATE REPRESENTATIVE,FRANKLIN 4 REP,2,ANDREW JUDGE,DEMOCRATIC,3769,875,Registered,False,
STATE REPRESENTATIVE,FRANKLIN 4 REP,2,DONALD "DON" COLLINS,DEMOCRATIC,1001,1496,Registered,False,
STATE REPRESENTATIVE,FRANKLIN 4 REP,2,Write-in, , ,16, ,
STATE REPRESENTATIVE,FRANKLIN 4 REP,2,Spoiled, , ,0, ,
STATE REPRESENTATIVE,FRANKLIN 4 REP,2,Blank, , ,1140, ,
STATE REPRESENTATIVE,FRANKLIN 5 REP,2,DAN NEWTON,INDEPENDENT,3742,268,Registered,False,
STATE REPRESENTATIVE,FRANKLIN 5 REP,2,JOSHUA C. ALDRICH,DEMOCRATIC,3713,1144,Registered,False,
STATE REPRESENTATIVE,FRANKLIN 5 REP,2,DANIEL C. NADEAU,PROGRESSIVE,3842,440,Registered,False,
STATE REPRESENTATIVE,FRANKLIN 5 REP,2,STEVE BEYOR,REP/DEM,3782,1772,Registered,False,
STATE REPRESENTATIVE,FRANKLIN 5 REP,2,ALBERT "CHUCK" PEARCE,REPUBLICAN,3743,1924,Registered,False,
STATE REPRESENTATIVE,FRANKLIN 5 REP,2,Write-in, , ,15, ,
STATE REPRESENTATIVE,FRANKLIN 5 REP,2,Spoiled, , ,3, ,
STATE REPRESENTATIVE,FRANKLIN 5 REP,2,Blank, , ,1440, ,
STATE REPRESENTATIVE,FRANKLIN 6 REP,1,DAN CONNOR,DEMOCRATIC,3916,1118,Registered,False,
STATE REPRESENTATIVE,FRANKLIN 6 REP,1,PENNY DUBIE,REPUBLICAN,3915,1081,Registered,False,
STATE REPRESENTATIVE,FRANKLIN 6 REP,1,Write-in, , ,4, ,
STATE REPRESENTATIVE,FRANKLIN 6 REP,1,Spoiled, , ,1, ,
STATE REPRESENTATIVE,FRANKLIN 6 REP,1,Blank, , ,71, ,
STATE REPRESENTATIVE,FRANKLIN 7 REP,1,CINDY WEED,PROG/DEM,3582,935,Registered,False,
STATE REPRESENTATIVE,FRANKLIN 7 REP,1,LARRY G. FISKE,REPUBLICAN,3640,920,Registered,False,
STATE REPRESENTATIVE,FRANKLIN 7 REP,1,Write-in, , ,1, ,
STATE REPRESENTATIVE,FRANKLIN 7 REP,1,Spoiled, , ,5, ,
STATE REPRESENTATIVE,FRANKLIN 7 REP,1,Blank, , ,31, ,
STATE REPRESENTATIVE,GRAND ISLE-CHITTENDEN REP,2,MITZI JOHNSON,DEMOCRATIC,3723,2155,Registered,False,
STATE REPRESENTATIVE,GRAND ISLE-CHITTENDEN REP,2,ROBERT M. BROWN,REPUBLICAN,3864,1372,Registered,False,
STATE REPRESENTATIVE,GRAND ISLE-CHITTENDEN REP,2,BEN W. JOSEPH,DEMOCRATIC,3721,2267,Registered,False,
STATE REPRESENTATIVE,GRAND ISLE-CHITTENDEN REP,2,JASON B. MOQUIN,REPUBLICAN,3847,2054,Registered,False,
STATE REPRESENTATIVE,GRAND ISLE-CHITTENDEN REP,2,Write-in, , ,50, ,
STATE REPRESENTATIVE,GRAND ISLE-CHITTENDEN REP,2,Spoiled, , ,17, ,
STATE REPRESENTATIVE,GRAND ISLE-CHITTENDEN REP,2,Blank, , ,1955, ,
STATE REPRESENTATIVE,LAMOILLE 1 REP,1,HEIDI SCHEUERMANN,REPUBLICAN,3938,2283,Registered,False,
STATE REPRESENTATIVE,LAMOILLE 1 REP,1,Write-in, , ,91, ,
STATE REPRESENTATIVE,LAMOILLE 1 REP,1,Spoiled, , ,0, ,
STATE REPRESENTATIVE,LAMOILLE 1 REP,1,Blank, , ,0, ,
STATE REPRESENTATIVE,LAMOILLE 2 REP,2,RIKI FRENCH,REPUBLICAN,3923,1420,Registered,False,
STATE REPRESENTATIVE,LAMOILLE 2 REP,2,DANIEL NOYES,DEMOCRATIC,3931,1756,Registered,False,
STATE REPRESENTATIVE,LAMOILLE 2 REP,2,LUCIEN GRAVEL,REPUBLICAN,3924,1307,Registered,False,
STATE REPRESENTATIVE,LAMOILLE 2 REP,2,MATTHEW HILL,DEMOCRATIC,3929,1700,Registered,False,
STATE REPRESENTATIVE,LAMOILLE 2 REP,2,Write-in, , ,17, ,
STATE REPRESENTATIVE,LAMOILLE 2 REP,2,Spoiled, , ,3, ,
STATE REPRESENTATIVE,LAMOILLE 2 REP,2,Blank, , ,1535, ,
STATE REPRESENTATIVE,LAMOILLE 3 REP,1,BERNARD C. JUSKIEWICZ,REP/DEM,3836,2058,Registered,False,
STATE REPRESENTATIVE,LAMOILLE 3 REP,1,Write-in, , ,47, ,
STATE REPRESENTATIVE,LAMOILLE 3 REP,1,Spoiled, , ,0, ,
STATE REPRESENTATIVE,LAMOILLE 3 REP,1,Blank, , ,229, ,
STATE REPRESENTATIVE,LAMOILLE-WASHINGTON REP,2,MARCI YOUNG,PROGRESSIVE,3861,865,Registered,False,
STATE REPRESENTATIVE,LAMOILLE-WASHINGTON REP,2,GARY NOLAN,REPUBLICAN,3894,1915,Registered,False,
STATE REPRESENTATIVE,LAMOILLE-WASHINGTON REP,2,DONALD "DON" B. VALENTINE,INDEPENDENT,4033,292,Registered,False,
STATE REPRESENTATIVE,LAMOILLE-WASHINGTON REP,2,DAVID YACOVONE,DEMOCRATIC,3849,2449,Registered,False,
STATE REPRESENTATIVE,LAMOILLE-WASHINGTON REP,2,AVRAM PATT,DEMOCRATIC,3706,1698,Registered,False,
STATE REPRESENTATIVE,LAMOILLE-WASHINGTON REP,2,Write-in, , ,12, ,
STATE REPRESENTATIVE,LAMOILLE-WASHINGTON REP,2,Spoiled, , ,11, ,
STATE REPRESENTATIVE,LAMOILLE-WASHINGTON REP,2,Blank, , ,1670, ,
STATE REPRESENTATIVE,ORANGE 1 REP,2,ROBERT FRENIER,REPUBLICAN,18316,1853,Registered,False,
STATE REPRESENTATIVE,ORANGE 1 REP,2,SUSAN HATCH DAVIS,PROG/DEM,3901,1845,Registered,False,
STATE REPRESENTATIVE,ORANGE 1 REP,2,ADAM DESLAURIERS,PROG/DEM,3955,1014,Registered,False,
STATE REPRESENTATIVE,ORANGE 1 REP,2,RODNEY GRAHAM,REPUBLICAN,3900,2018,Registered,False,
STATE REPRESENTATIVE,ORANGE 1 REP,2,Write-in, , ,4, ,
STATE REPRESENTATIVE,ORANGE 1 REP,2,Spoiled, , ,4, ,
STATE REPRESENTATIVE,ORANGE 1 REP,2,Blank, , ,2074, ,
STATE REPRESENTATIVE,ORANGE 2 REP,1,SARAH COPELAND HANZAS,DEMOCRATIC,3798,1676,Registered,False,
STATE REPRESENTATIVE,ORANGE 2 REP,1,Write-in, , ,92, ,
STATE REPRESENTATIVE,ORANGE 2 REP,1,Spoiled, , ,9, ,
STATE REPRESENTATIVE,ORANGE 2 REP,1,Blank, , ,322, ,
STATE REPRESENTATIVE,ORANGE-CALEDONIA REP,1,CHIP CONQUEST,DEMOCRATIC,3710,1134,Registered,False,
STATE REPRESENTATIVE,ORANGE-CALEDONIA REP,1,JOSEPH PARSONS,REPUBLICAN,3590,960,Registered,False,
STATE REPRESENTATIVE,ORANGE-CALEDONIA REP,1,Write-in, , ,2, ,
STATE REPRESENTATIVE,ORANGE-CALEDONIA REP,1,Spoiled, , ,2, ,
STATE REPRESENTATIVE,ORANGE-CALEDONIA REP,1,Blank, , ,74, ,
STATE REPRESENTATIVE,ORANGE-WASHINGTON-ADDISON REP,2,BEN JICKLING,INDEPENDENT,4011,2064,Registered,False,
STATE REPRESENTATIVE,ORANGE-WASHINGTON-ADDISON REP,2,JAY HOOPER,DEMOCRATIC,3671,1854,Registered,False,
STATE REPRESENTATIVE,ORANGE-WASHINGTON-ADDISON REP,2,PATSY FRENCH,DEMOCRATIC,3716,1656,Registered,False,
STATE REPRESENTATIVE,ORANGE-WASHINGTON-ADDISON REP,2,BOB ORLECK,REPUBLICAN,17839,1405,Registered,False,
STATE REPRESENTATIVE,ORANGE-WASHINGTON-ADDISON REP,2,Write-in, , ,18, ,
STATE REPRESENTATIVE,ORANGE-WASHINGTON-ADDISON REP,2,Spoiled, , ,2, ,
STATE REPRESENTATIVE,ORANGE-WASHINGTON-ADDISON REP,2,Blank, , ,1401, ,
STATE REPRESENTATIVE,ORLEANS 1 REP,2,LYNN D. BATCHELOR,REPUBLICAN,3768,2244,Registered,False,
STATE REPRESENTATIVE,ORLEANS 1 REP,2,BRIAN SMITH,REP/DEM,3737,2607,Registered,False,
STATE REPRESENTATIVE,ORLEANS 1 REP,2,Write-in, , ,87, ,
STATE REPRESENTATIVE,ORLEANS 1 REP,2,Spoiled, , ,6, ,
STATE REPRESENTATIVE,ORLEANS 1 REP,2,Blank, , ,2540, ,
STATE REPRESENTATIVE,ORLEANS 2 REP,2,RON HOLLAND,DEMOCRATIC,3858,1281,Registered,False,
STATE REPRESENTATIVE,ORLEANS 2 REP,2,JUDITH JACKSON,DEMOCRATIC,3859,903,Registered,False,
STATE REPRESENTATIVE,ORLEANS 2 REP,2,MICHAEL J. MARCOTTE,REPUBLICAN,3735,1957,Registered,False,
STATE REPRESENTATIVE,ORLEANS 2 REP,2,GARY G. VIENS,REPUBLICAN,3736,1925,Registered,False,
STATE REPRESENTATIVE,ORLEANS 2 REP,2,Write-in, , ,10, ,
STATE REPRESENTATIVE,ORLEANS 2 REP,2,Spoiled, , ,1, ,
STATE REPRESENTATIVE,ORLEANS 2 REP,2,Blank, , ,993, ,
STATE REPRESENTATIVE,ORLEANS-CALEDONIA REP,2,SAM YOUNG,DEMOCRATIC,3762,2168,Registered,False,
STATE REPRESENTATIVE,ORLEANS-CALEDONIA REP,2,MATT ELDRIDGE,DEMOCRATIC,3887,1059,Registered,False,
STATE REPRESENTATIVE,ORLEANS-CALEDONIA REP,2,VICKI STRONG,REPUBLICAN,3772,2148,Registered,False,
STATE REPRESENTATIVE,ORLEANS-CALEDONIA REP,2,FRANK E. HUARD,REPUBLICAN,3795,1301,Registered,False,
STATE REPRESENTATIVE,ORLEANS-CALEDONIA REP,2,Write-in, , ,11, ,
STATE REPRESENTATIVE,ORLEANS-CALEDONIA REP,2,Spoiled, , ,8, ,
STATE REPRESENTATIVE,ORLEANS-CALEDONIA REP,2,Blank, , ,1283, ,
STATE REPRESENTATIVE,ORLEANS-LAMOILLE REP,1,MARK HIGLEY,REPUBLICAN,3702,1082,Registered,False,
STATE REPRESENTATIVE,ORLEANS-LAMOILLE REP,1,KATHERINE SIMS,DEM/PROG,3837,915,Registered,False,
STATE REPRESENTATIVE,ORLEANS-LAMOILLE REP,1,Write-in, , ,2, ,
STATE REPRESENTATIVE,ORLEANS-LAMOILLE REP,1,Spoiled, , ,3, ,
STATE REPRESENTATIVE,ORLEANS-LAMOILLE REP,1,Blank, , ,38, ,
STATE REPRESENTATIVE,RUTLAND 1 REP,1,PATRICIA A. MCCOY,REPUBLICAN,3652,1425,Registered,False,
STATE REPRESENTATIVE,RUTLAND 1 REP,1,Write-in, , ,21, ,
STATE REPRESENTATIVE,RUTLAND 1 REP,1,Spoiled, , ,18, ,
STATE REPRESENTATIVE,RUTLAND 1 REP,1,Blank, , ,241, ,
STATE REPRESENTATIVE,RUTLAND 2 REP,2,TED SCHAFT,LIBERTARIAN,3927,291,Registered,False,
STATE REPRESENTATIVE,RUTLAND 2 REP,2,DAVE POTTER,DEMOCRATIC,3634,2127,Registered,False,
STATE REPRESENTATIVE,RUTLAND 2 REP,2,MICHAEL STIMPFEL,DEMOCRATIC,3886,1076,Registered,False,
STATE REPRESENTATIVE,RUTLAND 2 REP,2,THOMAS "TOM" BURDITT,REPUBLICAN,3812,2058,Registered,False,
STATE REPRESENTATIVE,RUTLAND 2 REP,2,RONALD "BUSHEY" BOUCHER,REPUBLICAN,3889,1811,Registered,False,
STATE REPRESENTATIVE,RUTLAND 2 REP,2,Write-in, , ,8, ,
STATE REPRESENTATIVE,RUTLAND 2 REP,2,Spoiled, , ,10, ,
STATE REPRESENTATIVE,RUTLAND 2 REP,2,Blank, , ,1382, ,
STATE REPRESENTATIVE,RUTLAND 3 REP,2,ROBERT "BOB" HELM,REPUBLICAN,3792,2470,Registered,False,
STATE REPRESENTATIVE,RUTLAND 3 REP,2,WILLIAM "BILL" CANFIELD,REPUBLICAN,3746,2689,Registered,False,
STATE REPRESENTATIVE,RUTLAND 3 REP,2,Write-in, , ,79, ,
STATE REPRESENTATIVE,RUTLAND 3 REP,2,Spoiled, , ,9, ,
STATE REPRESENTATIVE,RUTLAND 3 REP,2,Blank, , ,1753, ,
STATE REPRESENTATIVE,RUTLAND 4 REP,1,THOMAS TERENZINI,REPUBLICAN,3893,1759,Registered,False,
STATE REPRESENTATIVE,RUTLAND 4 REP,1,Write-in, , ,56, ,
STATE REPRESENTATIVE,RUTLAND 4 REP,1,Spoiled, , ,0, ,
STATE REPRESENTATIVE,RUTLAND 4 REP,1,Blank, , ,505, ,
STATE REPRESENTATIVE,RUTLAND 5-1 REP,1,PETER J. FAGAN,REPUBLICAN,3839,1788,Registered,False,
STATE REPRESENTATIVE,RUTLAND 5-1 REP,1,Write-in, , ,42, ,
STATE REPRESENTATIVE,RUTLAND 5-1 REP,1,Spoiled, , ,0, ,
STATE REPRESENTATIVE,RUTLAND 5-1 REP,1,Blank, , ,449, ,
STATE REPRESENTATIVE,RUTLAND 5-2 REP,1,LARRY "COOPER" CUPOLI,REPUBLICAN,3676,1484,Registered,False,
STATE REPRESENTATIVE,RUTLAND 5-2 REP,1,Write-in, , ,42, ,
STATE REPRESENTATIVE,RUTLAND 5-2 REP,1,Spoiled, , ,0, ,
STATE REPRESENTATIVE,RUTLAND 5-2 REP,1,Blank, , ,335, ,
STATE REPRESENTATIVE,RUTLAND 5-3 REP,1,JOHN E. MATTISON JR,REPUBLICAN,3843,534,Registered,False,
STATE REPRESENTATIVE,RUTLAND 5-3 REP,1,MARY E. HOWARD,DEMOCRATIC,3841,747,Registered,False,
STATE REPRESENTATIVE,RUTLAND 5-3 REP,1,Write-in, , ,4, ,
STATE REPRESENTATIVE,RUTLAND 5-3 REP,1,Spoiled, , ,0, ,
STATE REPRESENTATIVE,RUTLAND 5-3 REP,1,Blank, , ,72, ,
STATE REPRESENTATIVE,RUTLAND 5-4 REP,1,DOUGLAS GAGE,REPUBLICAN,3834,1268,Registered,False,
STATE REPRESENTATIVE,RUTLAND 5-4 REP,1,Write-in, , ,59, ,
STATE REPRESENTATIVE,RUTLAND 5-4 REP,1,Spoiled, , ,0, ,
STATE REPRESENTATIVE,RUTLAND 5-4 REP,1,Blank, , ,357, ,
STATE REPRESENTATIVE,RUTLAND 6 REP,2,CHARLES "BUTCH" SHAW,REPUBLICAN,3669,2664,Registered,False,
STATE REPRESENTATIVE,RUTLAND 6 REP,2,STEPHEN A. CARR,DEMOCRATIC,3809,2146,Registered,False,
STATE REPRESENTATIVE,RUTLAND 6 REP,2,Write-in, , ,46, ,
STATE REPRESENTATIVE,RUTLAND 6 REP,2,Spoiled, , ,5, ,
STATE REPRESENTATIVE,RUTLAND 6 REP,2,Blank, , ,2739, ,
STATE REPRESENTATIVE,RUTLAND-BENNINGTON REP,1,JONAS ROSENTHAL,REPUBLICAN,3797,1153,Registered,False,
STATE REPRESENTATIVE,RUTLAND-BENNINGTON REP,1,ROBIN CHESNUT-TANGERMAN,PROG/DEM,3784,1251,Registered,False,
STATE REPRESENTATIVE,RUTLAND-BENNINGTON REP,1,Write-in, , ,2, ,
STATE REPRESENTATIVE,RUTLAND-BENNINGTON REP,1,Spoiled, , ,1, ,
STATE REPRESENTATIVE,RUTLAND-BENNINGTON REP,1,Blank, , ,51, ,
STATE REPRESENTATIVE,RUTLAND-WINDSOR 1 REP,1,JOB TATE,REPUBLICAN,3883,1996,Registered,False,
STATE REPRESENTATIVE,RUTLAND-WINDSOR 1 REP,1,Write-in, , ,45, ,
STATE REPRESENTATIVE,RUTLAND-WINDSOR 1 REP,1,Spoiled, , ,4, ,
STATE REPRESENTATIVE,RUTLAND-WINDSOR 1 REP,1,Blank, , ,572, ,
STATE REPRESENTATIVE,RUTLAND-WINDSOR 2 REP,1,LOGAN NICOLL,DEMOCRATIC,3890,1049,Registered,False,
STATE REPRESENTATIVE,RUTLAND-WINDSOR 2 REP,1,DENNIS J. DEVEREUX,REPUBLICAN,3882,1411,Registered,False,
STATE REPRESENTATIVE,RUTLAND-WINDSOR 2 REP,1,Write-in, , ,2, ,
STATE REPRESENTATIVE,RUTLAND-WINDSOR 2 REP,1,Spoiled, , ,2, ,
STATE REPRESENTATIVE,RUTLAND-WINDSOR 2 REP,1,Blank, , ,94, ,
STATE REPRESENTATIVE,WASHINGTON 1 REP,2,JEREMY HANSEN,PROG/DEM,3731,1118,Registered,False,
STATE REPRESENTATIVE,WASHINGTON 1 REP,2,PATTI J. LEWIS,REPUBLICAN,3878,1691,Registered,False,
STATE REPRESENTATIVE,WASHINGTON 1 REP,2,GORDON BOCK,DEMOCRATIC,3729,1058,Registered,False,
STATE REPRESENTATIVE,WASHINGTON 1 REP,2,ANNE B. DONAHUE,REPUBLICAN,3815,2172,Registered,False,
STATE REPRESENTATIVE,WASHINGTON 1 REP,2,Write-in, , ,3, ,
STATE REPRESENTATIVE,WASHINGTON 1 REP,2,Spoiled, , ,0, ,
STATE REPRESENTATIVE,WASHINGTON 1 REP,2,Blank, , ,1234, ,
STATE REPRESENTATIVE,WASHINGTON 2 REP,2,FRANCIS "TOPPER" MCFAUN,REP/DEM,3697,2945,Registered,True,
STATE REPRESENTATIVE,WASHINGTON 2 REP,2,DOTTYE RICKS,PROG/DEM,3912,1228,Registered,False,
STATE REPRESENTATIVE,WASHINGTON 2 REP,2,ROB LACLAIR,REPUBLICAN,3705,2488,Registered,True,
STATE REPRESENTATIVE,WASHINGTON 2 REP,2,Write-in, , ,7, ,
STATE REPRESENTATIVE,WASHINGTON 2 REP,2,Spoiled, , ,13, ,
STATE REPRESENTATIVE,WASHINGTON 2 REP,2,Blank, , ,1899, ,
STATE REPRESENTATIVE,WASHINGTON 3 REP,2,TOMMY J. WALZ,DEM/REP,3585,1728,Registered,False,
STATE REPRESENTATIVE,WASHINGTON 3 REP,2,KAREN LAUZON,REPUBLICAN,18318,1487,Registered,False,
STATE REPRESENTATIVE,WASHINGTON 3 REP,2,PAUL POIRIER,INDEPENDENT,4035,1627,Registered,False,
STATE REPRESENTATIVE,WASHINGTON 3 REP,2,Write-in, , ,5, ,
STATE REPRESENTATIVE,WASHINGTON 3 REP,2,Spoiled, , ,0, ,
STATE REPRESENTATIVE,WASHINGTON 3 REP,2,Blank, , ,1733, ,
STATE REPRESENTATIVE,WASHINGTON 4 REP,2,MARY S. HOOPER,DEMOCRATIC,3766,3251,Registered,False,
STATE REPRESENTATIVE,WASHINGTON 4 REP,2,WARREN F. KITZMILLER,DEMOCRATIC,3711,2919,Registered,False,
STATE REPRESENTATIVE,WASHINGTON 4 REP,2,BEN EASTWOOD,PROGRESSIVE,11838,990,Registered,False,
STATE REPRESENTATIVE,WASHINGTON 4 REP,2,GLENNIE F. SEWELL,PROGRESSIVE,18320,726,Registered,False,
STATE REPRESENTATIVE,WASHINGTON 4 REP,2,Write-in, , ,27, ,
STATE REPRESENTATIVE,WASHINGTON 4 REP,2,Spoiled, , ,0, ,
STATE REPRESENTATIVE,WASHINGTON 4 REP,2,Blank, , ,0, ,
STATE REPRESENTATIVE,WASHINGTON 5 REP,1,KIMBERLY JESSUP,DEMOCRATIC,3824,1272,Registered,False,
STATE REPRESENTATIVE,WASHINGTON 5 REP,1,CARL ETNIER,PROGRESSIVE,3935,433,Registered,False,
STATE REPRESENTATIVE,WASHINGTON 5 REP,1,DEXTER LEFAVOUR,REPUBLICAN,3829,766,Registered,False,
STATE REPRESENTATIVE,WASHINGTON 5 REP,1,MATT SWENSON,INDEPENDENT,4009,214,Registered,False,
STATE REPRESENTATIVE,WASHINGTON 5 REP,1,Write-in, , ,4, ,
STATE REPRESENTATIVE,WASHINGTON 5 REP,1,Spoiled, , ,1, ,
STATE REPRESENTATIVE,WASHINGTON 5 REP,1,Blank, , ,75, ,
STATE REPRESENTATIVE,WASHINGTON 6 REP,1,BRAM TOWBIN,FOR YOUR TOWN,4029,999,Registered,False,
STATE REPRESENTATIVE,WASHINGTON 6 REP,1,JANET ANCEL,DEMOCRATIC,3715,1408,Registered,False,
STATE REPRESENTATIVE,WASHINGTON 6 REP,1,Write-in, , ,10, ,
STATE REPRESENTATIVE,WASHINGTON 6 REP,1,Spoiled, , ,4, ,
STATE REPRESENTATIVE,WASHINGTON 6 REP,1,Blank, , ,176, ,
STATE REPRESENTATIVE,WASHINGTON 7 REP,2,JAKE EDWARD SALLERSON,INDEPENDENT,3994,872,Registered,False,
STATE REPRESENTATIVE,WASHINGTON 7 REP,2,MARIE LEOTTA,REPUBLICAN,18333,1189,Registered,False,
STATE REPRESENTATIVE,WASHINGTON 7 REP,2,ADAM GRESHIN,INDEPENDENT,4002,2967,Registered,False,
STATE REPRESENTATIVE,WASHINGTON 7 REP,2,MAXINE GRAD,DEMOCRATIC,3774,2871,Registered,False,
STATE REPRESENTATIVE,WASHINGTON 7 REP,2,Write-in, , ,9, ,
STATE REPRESENTATIVE,WASHINGTON 7 REP,2,Spoiled, , ,8, ,
STATE REPRESENTATIVE,WASHINGTON 7 REP,2,Blank, , ,1888, ,
STATE REPRESENTATIVE,WASHINGTON-CHITTENDEN REP,2,THERESA WOOD,DEMOCRATIC,3584,3688,Registered,False,
STATE REPRESENTATIVE,WASHINGTON-CHITTENDEN REP,2,TOM STEVENS,DEMOCRATIC,3881,3483,Registered,False,
STATE REPRESENTATIVE,WASHINGTON-CHITTENDEN REP,2,Write-in, , ,67, ,
STATE REPRESENTATIVE,WASHINGTON-CHITTENDEN REP,2,Spoiled, , ,14, ,
STATE REPRESENTATIVE,WASHINGTON-CHITTENDEN REP,2,Blank, , ,2794, ,
STATE REPRESENTATIVE,WINDHAM 1 REP,1,MICHAEL "MIKE" HEBERT,REP/DEM,3574,1919,Registered,False,
STATE REPRESENTATIVE,WINDHAM 1 REP,1,Write-in, , ,48, ,
STATE REPRESENTATIVE,WINDHAM 1 REP,1,Spoiled, , ,0, ,
STATE REPRESENTATIVE,WINDHAM 1 REP,1,Blank, , ,351, ,
STATE REPRESENTATIVE,WINDHAM 2-1 REP,1,VALERIE A. STUART,DEMOCRATIC,3644,1761,Registered,False,
STATE REPRESENTATIVE,WINDHAM 2-1 REP,1,Write-in, , ,37, ,
STATE REPRESENTATIVE,WINDHAM 2-1 REP,1,Spoiled, , ,0, ,
STATE REPRESENTATIVE,WINDHAM 2-1 REP,1,Blank, , ,370, ,
STATE REPRESENTATIVE,WINDHAM 2-2 REP,1,MOLLIE S. BURKE,PROG/DEM,3570,1445,Registered,False,
STATE REPRESENTATIVE,WINDHAM 2-2 REP,1,ADAM SALVIANI,INDEPENDENT,4010,321,Registered,False,
STATE REPRESENTATIVE,WINDHAM 2-2 REP,1,Write-in, , ,6, ,
STATE REPRESENTATIVE,WINDHAM 2-2 REP,1,Spoiled, , ,2, ,
STATE REPRESENTATIVE,WINDHAM 2-2 REP,1,Blank, , ,111, ,
STATE REPRESENTATIVE,WINDHAM 2-3 REP,1,TRISTAN TOLENO,DEMOCRATIC,3814,1611,Registered,False,
STATE REPRESENTATIVE,WINDHAM 2-3 REP,1,Write-in, , ,17, ,
STATE REPRESENTATIVE,WINDHAM 2-3 REP,1,Spoiled, , ,0, ,
STATE REPRESENTATIVE,WINDHAM 2-3 REP,1,Blank, , ,324, ,
STATE REPRESENTATIVE,WINDHAM 3 REP,2,MATTHEW A. TRIEBER,DEMOCRATIC,3717,2234,Registered,False,
STATE REPRESENTATIVE,WINDHAM 3 REP,2,CAROLYN PARTRIDGE,DEMOCRATIC,3718,2423,Registered,False,
STATE REPRESENTATIVE,WINDHAM 3 REP,2,Write-in, , ,52, ,
STATE REPRESENTATIVE,WINDHAM 3 REP,2,Spoiled, , ,16, ,
STATE REPRESENTATIVE,WINDHAM 3 REP,2,Blank, , ,2087, ,
STATE REPRESENTATIVE,WINDHAM 4 REP,2,MIKE MROWICKI,DEMOCRATIC,3678,2754,Registered,False,
STATE REPRESENTATIVE,WINDHAM 4 REP,2,EDDIE CUTLER,REPUBLICAN,3874,738,Registered,False,
STATE REPRESENTATIVE,WINDHAM 4 REP,2,DAVID L. DEEN,DEMOCRATIC,3679,2709,Registered,False,
STATE REPRESENTATIVE,WINDHAM 4 REP,2,BONNIE DEPINO,REPUBLICAN,3876,657,Registered,False,
STATE REPRESENTATIVE,WINDHAM 4 REP,2,Write-in, , ,8, ,
STATE REPRESENTATIVE,WINDHAM 4 REP,2,Spoiled, , ,3, ,
STATE REPRESENTATIVE,WINDHAM 4 REP,2,Blank, , ,1095, ,
STATE REPRESENTATIVE,WINDHAM 5 REP,1,EMILY LONG,DEMOCRATIC,3781,1862,Registered,False,
STATE REPRESENTATIVE,WINDHAM 5 REP,1,Write-in, , ,37, ,
STATE REPRESENTATIVE,WINDHAM 5 REP,1,Spoiled, , ,6, ,
STATE REPRESENTATIVE,WINDHAM 5 REP,1,Blank, , ,386, ,
STATE REPRESENTATIVE,WINDHAM 6 REP,1,JOHN GANNON,DEMOCRATIC,3583,1638,Registered,False,
STATE REPRESENTATIVE,WINDHAM 6 REP,1,Write-in, , ,39, ,
STATE REPRESENTATIVE,WINDHAM 6 REP,1,Spoiled, , ,4, ,
STATE REPRESENTATIVE,WINDHAM 6 REP,1,Blank, , ,441, ,
STATE REPRESENTATIVE,WINDHAM-BENNINGTON REP,1,JOHN MORAN,DEMOCRATIC,3796,897,Registered,False,
STATE REPRESENTATIVE,WINDHAM-BENNINGTON REP,1,LAURA SIBILIA,INDEPENDENT,4038,1152,Registered,False,
STATE REPRESENTATIVE,WINDHAM-BENNINGTON REP,1,Write-in, , ,1, ,
STATE REPRESENTATIVE,WINDHAM-BENNINGTON REP,1,Spoiled, , ,2, ,
STATE REPRESENTATIVE,WINDHAM-BENNINGTON REP,1,Blank, , ,103, ,
STATE REPRESENTATIVE,WINDHAM-BENNINGTON-WINDSOR REP,1,OLIVER OLSEN,INDEPENDENT,3747,2244,Registered,False,
STATE REPRESENTATIVE,WINDHAM-BENNINGTON-WINDSOR REP,1,Write-in, , ,30, ,
STATE REPRESENTATIVE,WINDHAM-BENNINGTON-WINDSOR REP,1,Spoiled, , ,5, ,
STATE REPRESENTATIVE,WINDHAM-BENNINGTON-WINDSOR REP,1,Blank, , ,267, ,
STATE REPRESENTATIVE,WINDSOR 1 REP,2,RICK HANSEN,REPUBLICAN,3870,1212,Registered,False,
STATE REPRESENTATIVE,WINDSOR 1 REP,2,JOHN BARTHOLOMEW,DEMOCRATIC,3719,2394,Registered,False,
STATE REPRESENTATIVE,WINDSOR 1 REP,2,CLAYTON PARONTO,INDEPENDENT,4030,1175,Registered,False,
STATE REPRESENTATIVE,WINDSOR 1 REP,2,PAUL S. BELASKI,DEMOCRATIC,3672,2124,Registered,False,
STATE REPRESENTATIVE,WINDSOR 1 REP,2,Write-in, , ,10, ,
STATE REPRESENTATIVE,WINDSOR 1 REP,2,Spoiled, , ,10, ,
STATE REPRESENTATIVE,WINDSOR 1 REP,2,Blank, , ,1859, ,
STATE REPRESENTATIVE,WINDSOR 2 REP,1,STUART LINDBERG,REPUBLICAN,3896,1054,Registered,False,
STATE REPRESENTATIVE,WINDSOR 2 REP,1,ANNMARIE CHRISTENSEN,DEMOCRATIC,3892,1135,Registered,False,
STATE REPRESENTATIVE,WINDSOR 2 REP,1,Write-in, , ,1, ,
STATE REPRESENTATIVE,WINDSOR 2 REP,1,Spoiled, , ,0, ,
STATE REPRESENTATIVE,WINDSOR 2 REP,1,Blank, , ,112, ,
STATE REPRESENTATIVE,WINDSOR 3-1 REP,1,THOMAS A. BOCK,DEM/REP,417,1860,Registered,False,
STATE REPRESENTATIVE,WINDSOR 3-1 REP,1,Write-in, , ,34, ,
STATE REPRESENTATIVE,WINDSOR 3-1 REP,1,Spoiled, , ,0, ,
STATE REPRESENTATIVE,WINDSOR 3-1 REP,1,Blank, , ,289, ,
STATE REPRESENTATIVE,WINDSOR 3-2 REP,2,GEORGE T. MCNAUGHTON,INDEPENDENT,3967,1039,Registered,False,
STATE REPRESENTATIVE,WINDSOR 3-2 REP,2,DENNIS PINE,REPUBLICAN,3816,1168,Registered,False,
STATE REPRESENTATIVE,WINDSOR 3-2 REP,2,ROBERT "BOB" FORGUITES,DEMOCRATIC,3654,1412,Registered,False,
STATE REPRESENTATIVE,WINDSOR 3-2 REP,2,SCOTT G. FRYE,REPUBLICAN,3759,1287,Registered,False,
STATE REPRESENTATIVE,WINDSOR 3-2 REP,2,ALICE M. EMMONS,DEMOCRATIC,3653,1672,Registered,False,
STATE REPRESENTATIVE,WINDSOR 3-2 REP,2,Write-in, , ,7, ,
STATE REPRESENTATIVE,WINDSOR 3-2 REP,2,Spoiled, , ,15, ,
STATE REPRESENTATIVE,WINDSOR 3-2 REP,2,Blank, , ,1088, ,
STATE REPRESENTATIVE,WINDSOR 4-1 REP,1,SUSAN M. BUCKHOLZ,DEM/PROG,3942,1893,Registered,False,
STATE REPRESENTATIVE,WINDSOR 4-1 REP,1,Write-in, , ,32, ,
STATE REPRESENTATIVE,WINDSOR 4-1 REP,1,Spoiled, , ,5, ,
STATE REPRESENTATIVE,WINDSOR 4-1 REP,1,Blank, , ,498, ,
STATE REPRESENTATIVE,WINDSOR 4-2 REP,2,KEVIN "COACH" CHRISTIE,DEMOCRATIC,3936,2420,Registered,False,
STATE REPRESENTATIVE,WINDSOR 4-2 REP,2,GABRIELLE LUCKE,DEMOCRATIC,3617,2143,Registered,False,
STATE REPRESENTATIVE,WINDSOR 4-2 REP,2,CHARLIE DAVENPORT,REPUBLICAN,3888,924,Registered,False,
STATE REPRESENTATIVE,WINDSOR 4-2 REP,2,KEVIN "SARGE" STUART,REPUBLICAN,3761,981,Registered,False,
STATE REPRESENTATIVE,WINDSOR 4-2 REP,2,Write-in, , ,17, ,
STATE REPRESENTATIVE,WINDSOR 4-2 REP,2,Spoiled, , ,0, ,
STATE REPRESENTATIVE,WINDSOR 4-2 REP,2,Blank, , ,1425, ,
STATE REPRESENTATIVE,WINDSOR 5 REP,1,CHARLIE KIMBELL,DEMOCRATIC,3943,1807,Registered,False,
STATE REPRESENTATIVE,WINDSOR 5 REP,1,KT CAPPELLINI,REPUBLICAN,3944,694,Registered,False,
STATE REPRESENTATIVE,WINDSOR 5 REP,1,Write-in, , ,6, ,
STATE REPRESENTATIVE,WINDSOR 5 REP,1,Spoiled, , ,4, ,
STATE REPRESENTATIVE,WINDSOR 5 REP,1,Blank, , ,137, ,
STATE REPRESENTATIVE,WINDSOR-ORANGE 1 REP,1,DAVID AINSWORTH,REPUBLICAN,3879,1000,Registered,False,
STATE REPRESENTATIVE,WINDSOR-ORANGE 1 REP,1,SARAH BUXTON,DEMOCRATIC,3813,1003,Registered,False,
STATE REPRESENTATIVE,WINDSOR-ORANGE 1 REP,1,Write-in, , ,9, ,
STATE REPRESENTATIVE,WINDSOR-ORANGE 1 REP,1,Spoiled, , ,3, ,
STATE REPRESENTATIVE,WINDSOR-ORANGE 1 REP,1,Blank, , ,51, ,
STATE REPRESENTATIVE,WINDSOR-ORANGE 2 REP,2,TIM BRIGLIN,DEMOCRATIC,3651,4122,Registered,False,
STATE REPRESENTATIVE,WINDSOR-ORANGE 2 REP,2,JIM MASLAND,DEMOCRATIC,3641,4115,Registered,False,
STATE REPRESENTATIVE,WINDSOR-ORANGE 2 REP,2,Write-in, , ,56, ,
STATE REPRESENTATIVE,WINDSOR-ORANGE 2 REP,2,Spoiled, , ,11, ,
STATE REPRESENTATIVE,WINDSOR-ORANGE 2 REP,2,Blank, , ,2610, ,
STATE REPRESENTATIVE,WINDSOR-RUTLAND REP,1,SANDY HAAS,PROG/DEM,3755,1541,Registered,False,
STATE REPRESENTATIVE,WINDSOR-RUTLAND REP,1,MASON "CLOUD" WADE,TURTLE,4034,602,Registered,False,
STATE REPRESENTATIVE,WINDSOR-RUTLAND REP,1,Write-in, , ,46, ,
STATE REPRESENTATIVE,WINDSOR-RUTLAND REP,1,Spoiled, , ,6, ,
STATE REPRESENTATIVE,WINDSOR-RUTLAND REP,1,Blank, , ,207, ,
HIGH BAILIFF,ADDISON COUNTY,1,CHARLES S. CLARK JR,REPUBLICAN,3785,6337,Registered,False,
HIGH BAILIFF,ADDISON COUNTY,1,RON HOLMES,DEMOCRATIC,3629,8460,Registered,False,
HIGH BAILIFF,ADDISON COUNTY,1,MARK A. STACEY,INDEPENDENT,4036,775,Registered,False,
HIGH BAILIFF,ADDISON COUNTY,1,BRUCE NASON,INDEPENDENT,4032,1463,Registered,False,
HIGH BAILIFF,ADDISON COUNTY,1,Write-in, , ,35, ,
HIGH BAILIFF,ADDISON COUNTY,1,Spoiled, , ,36, ,
HIGH BAILIFF,ADDISON COUNTY,1,Blank, , ,2283, ,
HIGH BAILIFF,BENNINGTON COUNTY,1,FREDERICK C. GILBAR,DEMOCRATIC,3807,13410,Registered,False,
HIGH BAILIFF,BENNINGTON COUNTY,1,Write-in, , ,116, ,
HIGH BAILIFF,BENNINGTON COUNTY,1,Spoiled, , ,9, ,
HIGH BAILIFF,BENNINGTON COUNTY,1,Blank, , ,4218, ,
HIGH BAILIFF,CALEDONIA COUNTY,1,Write-in, , ,0, ,
HIGH BAILIFF,CALEDONIA COUNTY,1,Spoiled, , ,0, ,
HIGH BAILIFF,CALEDONIA COUNTY,1,Blank, , ,0, ,
HIGH BAILIFF,CHITTENDEN COUNTY,1,DANIEL L. GAMELIN,DEM/REP,3786,62793,Registered,False,
HIGH BAILIFF,CHITTENDEN COUNTY,1,Write-in, , ,472, ,
HIGH BAILIFF,CHITTENDEN COUNTY,1,Spoiled, , ,67, ,
HIGH BAILIFF,CHITTENDEN COUNTY,1,Blank, , ,17653, ,
HIGH BAILIFF,ESSEX COUNTY,1,Write-in, , ,0, ,
HIGH BAILIFF,ESSEX COUNTY,1,Spoiled, , ,0, ,
HIGH BAILIFF,ESSEX COUNTY,1,Blank, , ,0, ,
HIGH BAILIFF,FRANKLIN COUNTY,1,ROBERTA "BOBBIE" ALLARD,DEM/REP,3591,18165,Registered,False,
HIGH BAILIFF,FRANKLIN COUNTY,1,Write-in, , ,117, ,
HIGH BAILIFF,FRANKLIN COUNTY,1,Spoiled, , ,22, ,
HIGH BAILIFF,FRANKLIN COUNTY,1,Blank, , ,3498, ,
HIGH BAILIFF,GRAND ISLE COUNTY,1,KEVIN G. WINCH,INDEPENDENT,4013,3348,Registered,False,
HIGH BAILIFF,GRAND ISLE COUNTY,1,Write-in, , ,53, ,
HIGH BAILIFF,GRAND ISLE COUNTY,1,Spoiled, , ,0, ,
HIGH BAILIFF,GRAND ISLE COUNTY,1,Blank, , ,798, ,
HIGH BAILIFF,LAMOILLE COUNTY,1,Write-in, , ,0, ,
HIGH BAILIFF,LAMOILLE COUNTY,1,Spoiled, , ,0, ,
HIGH BAILIFF,LAMOILLE COUNTY,1,Blank, , ,0, ,
HIGH BAILIFF,ORANGE COUNTY,1,Write-in, , ,0, ,
HIGH BAILIFF,ORANGE COUNTY,1,Spoiled, , ,0, ,
HIGH BAILIFF,ORANGE COUNTY,1,Blank, , ,0, ,
HIGH BAILIFF,ORLEANS COUNTY,1,PHILIP BROOKS,REPUBLICAN,3891,9437,Registered,False,
HIGH BAILIFF,ORLEANS COUNTY,1,Write-in, , ,127, ,
HIGH BAILIFF,ORLEANS COUNTY,1,Spoiled, , ,155, ,
HIGH BAILIFF,ORLEANS COUNTY,1,Blank, , ,2528, ,
HIGH BAILIFF,RUTLAND COUNTY,1,WILLIAM T. HUMPHRIES,INDEPENDENT,4046,10045,Registered,False,
HIGH BAILIFF,RUTLAND COUNTY,1,PENELOPE GAROFANO,REPUBLICAN,3696,15082,Registered,False,
HIGH BAILIFF,RUTLAND COUNTY,1,Write-in, , ,73, ,
HIGH BAILIFF,RUTLAND COUNTY,1,Spoiled, , ,97, ,
HIGH BAILIFF,RUTLAND COUNTY,1,Blank, , ,4752, ,
HIGH BAILIFF,WASHINGTON COUNTY,1,MARC POULIN,REP/DEM,3734,22731,Registered,False,
HIGH BAILIFF,WASHINGTON COUNTY,1,Write-in, , ,230, ,
HIGH BAILIFF,WASHINGTON COUNTY,1,Spoiled, , ,377, ,
HIGH BAILIFF,WASHINGTON COUNTY,1,Blank, , ,6753, ,
HIGH BAILIFF,WINDHAM COUNTY,1,ALICE LANDSMAN,LIBERTY UNION,3691,5019,Registered,False,
HIGH BAILIFF,WINDHAM COUNTY,1,STEFAN A. GOLEC,DEMOCRATIC,532,13407,Registered,False,
HIGH BAILIFF,WINDHAM COUNTY,1,Write-in, , ,97, ,
HIGH BAILIFF,WINDHAM COUNTY,1,Spoiled, , ,14, ,
HIGH BAILIFF,WINDHAM COUNTY,1,Blank, , ,4413, ,
HIGH BAILIFF,WINDSOR COUNTY,1,MICHAEL E. MANLEY,DEM/REP,3659,23460,Registered,False,
HIGH BAILIFF,WINDSOR COUNTY,1,Write-in, , ,191, ,
HIGH BAILIFF,WINDSOR COUNTY,1,Spoiled, , ,22, ,
HIGH BAILIFF,WINDSOR COUNTY,1,Blank, , ,6685, ,
